time,latitude,longitude,SST_monthly_C
1982-01-01,10.325,10.325,27.904
1982-02-01,10.325,10.325,27.476
1982-03-01,10.325,10.325,27.168
1982-04-01,10.325,10.325,27.146
1982-05-01,10.325,10.325,28.450
1982-06-01,10.325,10.325,29.222
1982-07-01,10.325,10.325,28.577
1982-08-01,10.325,10.325,28.680
1982-09-01,10.325,10.325,28.474
1982-10-01,10.325,10.325,29.268
1982-11-01,10.325,10.325,28.773
1982-12-01,10.325,10.325,27.533
1983-01-01,10.325,10.325,27.080
1983-02-01,10.325,10.325,26.711
1983-03-01,10.325,10.325,27.254
1983-04-01,10.325,10.325,27.758
1983-05-01,10.325,10.325,29.120
1983-06-01,10.325,10.325,29.694
1983-07-01,10.325,10.325,29.055
1983-08-01,10.325,10.325,29.091
1983-09-01,10.325,10.325,29.296
1983-10-01,10.325,10.325,29.262
1983-11-01,10.325,10.325,29.043
1983-12-01,10.325,10.325,28.531
1984-01-01,10.325,10.325,27.508
1984-02-01,10.325,10.325,27.260
1984-03-01,10.325,10.325,26.970
1984-04-01,10.325,10.325,27.301
1984-05-01,10.325,10.325,28.495
1984-06-01,10.325,10.325,29.101
1984-07-01,10.325,10.325,28.762
1984-08-01,10.325,10.325,28.915
1984-09-01,10.325,10.325,29.020
1984-10-01,10.325,10.325,28.986
1984-11-01,10.325,10.325,28.807
1984-12-01,10.325,10.325,27.469
1985-01-01,10.325,10.325,26.632
1985-02-01,10.325,10.325,26.537
1985-03-01,10.325,10.325,26.088
1985-04-01,10.325,10.325,26.595
1985-05-01,10.325,10.325,27.795
1985-06-01,10.325,10.325,28.826
1985-07-01,10.325,10.325,29.103
1985-08-01,10.325,10.325,29.168
1985-09-01,10.325,10.325,28.967
1985-10-01,10.325,10.325,29.218
1985-11-01,10.325,10.325,28.365
1985-12-01,10.325,10.325,27.896
1986-01-01,10.325,10.325,27.161
1986-02-01,10.325,10.325,26.650
1986-03-01,10.325,10.325,26.280
1986-04-01,10.325,10.325,26.877
1986-05-01,10.325,10.325,27.832
1986-06-01,10.325,10.325,29.269
1986-07-01,10.325,10.325,28.665
1986-08-01,10.325,10.325,28.754
1986-09-01,10.325,10.325,29.084
1986-10-01,10.325,10.325,28.898
1986-11-01,10.325,10.325,28.701
1986-12-01,10.325,10.325,27.933
1987-01-01,10.325,10.325,27.455
1987-02-01,10.325,10.325,27.129
1987-03-01,10.325,10.325,26.742
1987-04-01,10.325,10.325,27.389
1987-05-01,10.325,10.325,28.306
1987-06-01,10.325,10.325,29.466
1987-07-01,10.325,10.325,29.454
1987-08-01,10.325,10.325,29.104
1987-09-01,10.325,10.325,29.727
1987-10-01,10.325,10.325,30.275
1987-11-01,10.325,10.325,28.954
1987-12-01,10.325,10.325,28.615
1988-01-01,10.325,10.325,27.211
1988-02-01,10.325,10.325,27.101
1988-03-01,10.325,10.325,26.809
1988-04-01,10.325,10.325,27.091
1988-05-01,10.325,10.325,28.411
1988-06-01,10.325,10.325,29.524
1988-07-01,10.325,10.325,29.250
1988-08-01,10.325,10.325,29.401
1988-09-01,10.325,10.325,29.502
1988-10-01,10.325,10.325,29.335
1988-11-01,10.325,10.325,29.112
1988-12-01,10.325,10.325,28.225
1989-01-01,10.325,10.325,27.475
1989-02-01,10.325,10.325,26.568
1989-03-01,10.325,10.325,26.748
1989-04-01,10.325,10.325,26.872
1989-05-01,10.325,10.325,28.080
1989-06-01,10.325,10.325,29.208
1989-07-01,10.325,10.325,29.544
1989-08-01,10.325,10.325,29.685
1989-09-01,10.325,10.325,29.755
1989-10-01,10.325,10.325,29.659
1989-11-01,10.325,10.325,29.259
1989-12-01,10.325,10.325,28.762
1990-01-01,10.325,10.325,27.685
1990-02-01,10.325,10.325,27.008
1990-03-01,10.325,10.325,26.871
1990-04-01,10.325,10.325,26.865
1990-05-01,10.325,10.325,28.682
1990-06-01,10.325,10.325,29.580
1990-07-01,10.325,10.325,29.637
1990-08-01,10.325,10.325,29.351
1990-09-01,10.325,10.325,29.398
1990-10-01,10.325,10.325,29.746
1990-11-01,10.325,10.325,29.680
1990-12-01,10.325,10.325,28.687
1991-01-01,10.325,10.325,27.920
1991-02-01,10.325,10.325,26.870
1991-03-01,10.325,10.325,27.302
1991-04-01,10.325,10.325,28.111
1991-05-01,10.325,10.325,28.770
1991-06-01,10.325,10.325,29.681
1991-07-01,10.325,10.325,28.935
1991-08-01,10.325,10.325,29.000
1991-09-01,10.325,10.325,28.728
1991-10-01,10.325,10.325,29.105
1991-11-01,10.325,10.325,28.599
1991-12-01,10.325,10.325,27.330
1992-01-01,10.325,10.325,27.007
1992-02-01,10.325,10.325,26.957
1992-03-01,10.325,10.325,27.073
1992-04-01,10.325,10.325,27.209
1992-05-01,10.325,10.325,28.952
1992-06-01,10.325,10.325,29.993
1992-07-01,10.325,10.325,29.717
1992-08-01,10.325,10.325,28.950
1992-09-01,10.325,10.325,29.694
1992-10-01,10.325,10.325,28.799
1992-11-01,10.325,10.325,29.152
1992-12-01,10.325,10.325,28.031
1993-01-01,10.325,10.325,28.153
1993-02-01,10.325,10.325,27.357
1993-03-01,10.325,10.325,27.448
1993-04-01,10.325,10.325,27.821
1993-05-01,10.325,10.325,29.269
1993-06-01,10.325,10.325,30.228
1993-07-01,10.325,10.325,29.953
1993-08-01,10.325,10.325,29.781
1993-09-01,10.325,10.325,29.482
1993-10-01,10.325,10.325,29.689
1993-11-01,10.325,10.325,29.368
1993-12-01,10.325,10.325,29.081
1994-01-01,10.325,10.325,28.208
1994-02-01,10.325,10.325,27.920
1994-03-01,10.325,10.325,27.086
1994-04-01,10.325,10.325,27.368
1994-05-01,10.325,10.325,29.097
1994-06-01,10.325,10.325,29.357
1994-07-01,10.325,10.325,29.248
1994-08-01,10.325,10.325,30.008
1994-09-01,10.325,10.325,29.764
1994-10-01,10.325,10.325,29.646
1994-11-01,10.325,10.325,29.003
1994-12-01,10.325,10.325,28.114
1995-01-01,10.325,10.325,27.868
1995-02-01,10.325,10.325,27.165
1995-03-01,10.325,10.325,27.808
1995-04-01,10.325,10.325,27.902
1995-05-01,10.325,10.325,29.192
1995-06-01,10.325,10.325,30.490
1995-07-01,10.325,10.325,30.101
1995-08-01,10.325,10.325,29.860
1995-09-01,10.325,10.325,30.302
1995-10-01,10.325,10.325,29.896
1995-11-01,10.325,10.325,29.787
1995-12-01,10.325,10.325,29.092
1996-01-01,10.325,10.325,28.251
1996-02-01,10.325,10.325,27.136
1996-03-01,10.325,10.325,27.423
1996-04-01,10.325,10.325,27.388
1996-05-01,10.325,10.325,29.007
1996-06-01,10.325,10.325,29.644
1996-07-01,10.325,10.325,29.581
1996-08-01,10.325,10.325,29.840
1996-09-01,10.325,10.325,29.528
1996-10-01,10.325,10.325,29.561
1996-11-01,10.325,10.325,28.999
1996-12-01,10.325,10.325,28.027
1997-01-01,10.325,10.325,27.831
1997-02-01,10.325,10.325,27.598
1997-03-01,10.325,10.325,26.891
1997-04-01,10.325,10.325,27.336
1997-05-01,10.325,10.325,27.989
1997-06-01,10.325,10.325,29.402
1997-07-01,10.325,10.325,29.299
1997-08-01,10.325,10.325,29.611
1997-09-01,10.325,10.325,29.968
1997-10-01,10.325,10.325,29.875
1997-11-01,10.325,10.325,29.688
1997-12-01,10.325,10.325,29.126
1998-01-01,10.325,10.325,28.213
1998-02-01,10.325,10.325,28.197
1998-03-01,10.325,10.325,27.853
1998-04-01,10.325,10.325,28.137
1998-05-01,10.325,10.325,29.185
1998-06-01,10.325,10.325,29.833
1998-07-01,10.325,10.325,29.897
1998-08-01,10.325,10.325,29.868
1998-09-01,10.325,10.325,30.324
1998-10-01,10.325,10.325,30.445
1998-11-01,10.325,10.325,29.877
1998-12-01,10.325,10.325,28.996
1999-01-01,10.325,10.325,27.993
1999-02-01,10.325,10.325,27.177
1999-03-01,10.325,10.325,27.320
1999-04-01,10.325,10.325,27.511
1999-05-01,10.325,10.325,29.450
1999-06-01,10.325,10.325,29.601
1999-07-01,10.325,10.325,29.858
1999-08-01,10.325,10.325,29.529
1999-09-01,10.325,10.325,29.800
1999-10-01,10.325,10.325,29.405
1999-11-01,10.325,10.325,29.011
1999-12-01,10.325,10.325,28.255
2000-01-01,10.325,10.325,27.299
2000-02-01,10.325,10.325,26.737
2000-03-01,10.325,10.325,26.427
2000-04-01,10.325,10.325,27.011
2000-05-01,10.325,10.325,28.592
2000-06-01,10.325,10.325,29.473
2000-07-01,10.325,10.325,29.225
2000-08-01,10.325,10.325,29.156
2000-09-01,10.325,10.325,29.236
2000-10-01,10.325,10.325,29.293
2000-11-01,10.325,10.325,29.255
2000-12-01,10.325,10.325,28.585
2001-01-01,10.325,10.325,27.628
2001-02-01,10.325,10.325,26.840
2001-03-01,10.325,10.325,26.845
2001-04-01,10.325,10.325,26.853
2001-05-01,10.325,10.325,28.195
2001-06-01,10.325,10.325,29.110
2001-07-01,10.325,10.325,29.050
2001-08-01,10.325,10.325,29.588
2001-09-01,10.325,10.325,29.609
2001-10-01,10.325,10.325,29.789
2001-11-01,10.325,10.325,29.511
2001-12-01,10.325,10.325,28.694
2002-01-01,10.325,10.325,28.420
2002-02-01,10.325,10.325,27.493
2002-03-01,10.325,10.325,27.317
2002-04-01,10.325,10.325,27.548
2002-05-01,10.325,10.325,28.267
2002-06-01,10.325,10.325,29.702
2002-07-01,10.325,10.325,29.669
2002-08-01,10.325,10.325,29.803
2002-09-01,10.325,10.325,30.176
2002-10-01,10.325,10.325,30.029
2002-11-01,10.325,10.325,29.806
2002-12-01,10.325,10.325,29.153
2003-01-01,10.325,10.325,28.041
2003-02-01,10.325,10.325,27.954
2003-03-01,10.325,10.325,27.769
2003-04-01,10.325,10.325,28.216
2003-05-01,10.325,10.325,29.355
2003-06-01,10.325,10.325,29.605
2003-07-01,10.325,10.325,29.731
2003-08-01,10.325,10.325,30.112
2003-09-01,10.325,10.325,30.143
2003-10-01,10.325,10.325,29.935
2003-11-01,10.325,10.325,29.821
2003-12-01,10.325,10.325,29.297
2004-01-01,10.325,10.325,27.640
2004-02-01,10.325,10.325,27.988
2004-03-01,10.325,10.325,27.036
2004-04-01,10.325,10.325,27.535
2004-05-01,10.325,10.325,28.785
2004-06-01,10.325,10.325,29.869
2004-07-01,10.325,10.325,29.901
2004-08-01,10.325,10.325,29.840
2004-09-01,10.325,10.325,29.796
2004-10-01,10.325,10.325,29.895
2004-11-01,10.325,10.325,29.392
2004-12-01,10.325,10.325,28.259
2005-01-01,10.325,10.325,27.482
2005-02-01,10.325,10.325,26.715
2005-03-01,10.325,10.325,27.858
2005-04-01,10.325,10.325,28.379
2005-05-01,10.325,10.325,29.540
2005-06-01,10.325,10.325,30.549
2005-07-01,10.325,10.325,30.088
2005-08-01,10.325,10.325,30.355
2005-09-01,10.325,10.325,30.229
2005-10-01,10.325,10.325,29.594
2005-11-01,10.325,10.325,29.360
2005-12-01,10.325,10.325,29.014
2006-01-01,10.325,10.325,28.262
2006-02-01,10.325,10.325,27.489
2006-03-01,10.325,10.325,27.130
2006-04-01,10.325,10.325,27.821
2006-05-01,10.325,10.325,29.242
2006-06-01,10.325,10.325,29.977
2006-07-01,10.325,10.325,30.147
2006-08-01,10.325,10.325,29.901
2006-09-01,10.325,10.325,29.800
2006-10-01,10.325,10.325,29.946
2006-11-01,10.325,10.325,29.553
2006-12-01,10.325,10.325,29.153
2007-01-01,10.325,10.325,27.713
2007-02-01,10.325,10.325,27.726
2007-03-01,10.325,10.325,27.346
2007-04-01,10.325,10.325,28.147
2007-05-01,10.325,10.325,29.475
2007-06-01,10.325,10.325,30.205
2007-07-01,10.325,10.325,30.297
2007-08-01,10.325,10.325,29.717
2007-09-01,10.325,10.325,29.633
2007-10-01,10.325,10.325,29.701
2007-11-01,10.325,10.325,29.299
2007-12-01,10.325,10.325,28.843
2008-01-01,10.325,10.325,27.658
2008-02-01,10.325,10.325,27.618
2008-03-01,10.325,10.325,27.634
2008-04-01,10.325,10.325,27.618
2008-05-01,10.325,10.325,28.564
2008-06-01,10.325,10.325,29.576
2008-07-01,10.325,10.325,29.475
2008-08-01,10.325,10.325,29.659
2008-09-01,10.325,10.325,30.123
2008-10-01,10.325,10.325,29.825
2008-11-01,10.325,10.325,29.343
2008-12-01,10.325,10.325,28.324
2009-01-01,10.325,10.325,27.579
2009-02-01,10.325,10.325,27.267
2009-03-01,10.325,10.325,26.806
2009-04-01,10.325,10.325,27.789
2009-05-01,10.325,10.325,28.933
2009-06-01,10.325,10.325,29.711
2009-07-01,10.325,10.325,29.927
2009-08-01,10.325,10.325,29.971
2009-09-01,10.325,10.325,30.022
2009-10-01,10.325,10.325,30.018
2009-11-01,10.325,10.325,29.900
2009-12-01,10.325,10.325,29.349
2010-01-01,10.325,10.325,28.084
2010-02-01,10.325,10.325,27.567
2010-03-01,10.325,10.325,27.976
2010-04-01,10.325,10.325,28.466
2010-05-01,10.325,10.325,29.375
2010-06-01,10.325,10.325,30.180
2010-07-01,10.325,10.325,30.125
2010-08-01,10.325,10.325,29.948
2010-09-01,10.325,10.325,30.108
2010-10-01,10.325,10.325,29.901
2010-11-01,10.325,10.325,28.958
2010-12-01,10.325,10.325,28.332
2011-01-01,10.325,10.325,28.011
2011-02-01,10.325,10.325,27.755
2011-03-01,10.325,10.325,27.307
2011-04-01,10.325,10.325,27.907
2011-05-01,10.325,10.325,28.955
2011-06-01,10.325,10.325,30.024
2011-07-01,10.325,10.325,30.012
2011-08-01,10.325,10.325,30.060
2011-09-01,10.325,10.325,30.306
2011-10-01,10.325,10.325,29.318
2011-11-01,10.325,10.325,29.360
2011-12-01,10.325,10.325,28.675
2012-01-01,10.325,10.325,27.871
2012-02-01,10.325,10.325,27.246
2012-03-01,10.325,10.325,26.936
2012-04-01,10.325,10.325,28.142
2012-05-01,10.325,10.325,29.693
2012-06-01,10.325,10.325,30.258
2012-07-01,10.325,10.325,29.988
2012-08-01,10.325,10.325,29.895
2012-09-01,10.325,10.325,29.898
2012-10-01,10.325,10.325,29.732
2012-11-01,10.325,10.325,29.374
2012-12-01,10.325,10.325,28.868
2013-01-01,10.325,10.325,27.778
2013-02-01,10.325,10.325,27.338
2013-03-01,10.325,10.325,27.141
2013-04-01,10.325,10.325,28.252
2013-05-01,10.325,10.325,29.063
2013-06-01,10.325,10.325,30.177
2013-07-01,10.325,10.325,29.991
2013-08-01,10.325,10.325,30.079
2013-09-01,10.325,10.325,29.988
2013-10-01,10.325,10.325,29.950
2013-11-01,10.325,10.325,29.843
2013-12-01,10.325,10.325,29.213
2014-01-01,10.325,10.325,28.363
2014-02-01,10.325,10.325,27.703
2014-03-01,10.325,10.325,27.336
2014-04-01,10.325,10.325,27.954
2014-05-01,10.325,10.325,29.252
2014-06-01,10.325,10.325,30.134
2014-07-01,10.325,10.325,29.819
2014-08-01,10.325,10.325,29.663
2014-09-01,10.325,10.325,30.194
2014-10-01,10.325,10.325,29.846
2014-11-01,10.325,10.325,29.788
2014-12-01,10.325,10.325,28.811
2015-01-01,10.325,10.325,27.562
2015-02-01,10.325,10.325,27.518
2015-03-01,10.325,10.325,27.437
2015-04-01,10.325,10.325,28.050
2015-05-01,10.325,10.325,28.908
2015-06-01,10.325,10.325,29.473
2015-07-01,10.325,10.325,29.432
2015-08-01,10.325,10.325,29.597
2015-09-01,10.325,10.325,30.119
2015-10-01,10.325,10.325,30.024
2015-11-01,10.325,10.325,29.783
2015-12-01,10.325,10.325,29.777
2016-01-01,10.325,10.325,29.020
